<extension type="plugin" group="authentication" method="upgrade">
    <name>plg_authentication_oneloginsaml</name>
    <author>OneLogin INC.</author>
    <authorEmail>support@onelogin.com</authorEmail>
    <authorUrl>onelogin.com</authorUrl>
    <creationDate>January 2019</creationDate>
    <version>3.4.1</version>
    <copyright>Copyright (C) 2019 Onelogin Inc. All rights reserved.</copyright>
    <license>MIT</license>
    <files>
        <filename plugin="oneloginsaml">oneloginsaml.php</filename>
        <filename>index.html</filename>
    </files>
    <updateservers>
        <server type="collection">https://raw.githubusercontent.com/onelogin/joomla-saml/master/updater.xml</server>
    </updateservers>
</extension>