<?xml version="1.0" encoding="utf-8"?>
<extension version="3.3" type="plugin" group="user" method="upgrade">
    <name>plg_user_oneloginsaml</name>
    <author>OneLogin INC.</author>
    <authorEmail>support@onelogin.com</authorEmail>
    <authorUrl>onelogin.com</authorUrl>
    <creationDate>January 2019</creationDate>
    <copyright>Copyright (C) 2014-2019 Onelogin Inc. All rights reserved.</copyright>
    <license>MIT</license>
    <version>1.6.0</version>
    <description>PLG_ONELOGIN_SAML_XML_DESCRIPTION</description>
    <files>
        <filename plugin="oneloginsaml">oneloginsaml.php</filename>
        <filename>index.html</filename>
        <folder>language</folder>
    </files>
    <languages>
        <language tag="en-GB">language/en-GB/en-GB.plg_user_oneloginsaml.ini</language>
        <language tag="en-GB">language/en-GB/en-GB.plg_user_oneloginsaml.sys.ini</language>
    </languages> 
    <updateservers>
        <server type="collection">https://raw.githubusercontent.com/onelogin/joomla-saml/master/updater.xml</server>
    </updateservers>
</extension>
